<?xml version="1.0" encoding="UTF-8"?>
<project-private xmlns="http://www.netbeans.org/ns/project-private/1">
    <editor-bookmarks xmlns="http://www.netbeans.org/ns/editor-bookmarks/2" lastBookmarkId="0"/>
    <open-files xmlns="http://www.netbeans.org/ns/projectui-open-files/1">
        <file>file:/C:/xampp/htdocs/OnlineResultAnalysisSystem/student/settingsStudent.php</file>
        <file>file:/C:/xampp/htdocs/OnlineResultAnalysisSystem/admin/profileAdmin.php</file>
        <file>file:/C:/xampp/htdocs/OnlineResultAnalysisSystem/admin/students.php</file>
        <file>file:/C:/xampp/htdocs/OnlineResultAnalysisSystem/admin/settingsAdmin.php</file>
        <file>file:/C:/xampp/htdocs/OnlineResultAnalysisSystem/index.php</file>
    </open-files>
</project-private>
